Region,Country,Item Type,Sales Channel,Order Priority,Order Date,Order ID,Ship Date,Units Sold,Unit Price,Unit Cost,Total Revenue,Total Cost,Total Profit
Australia and Oceania,Tuvalu,Baby Food,Offline,H,2010-05-28 00:00:00,669165933,2010-06-27 00:00:00,9925,255.28,159.42,2533654.0,1582243.5,951410.5
Central America and the Caribbean,Grenada,Cereal,Online,C,2012-08-22 00:00:00,963881480,2012-09-15 00:00:00,2804,205.7,117.11,576782.8,328376.44,248406.36
Europe,Russia,Office Supplies,Offline,L,2014-05-02 00:00:00,341417157,2014-05-08 00:00:00,1779,651.21,524.96,1158502.59,933903.84,224598.75
Sub-Saharan Africa,Sao Tome and Principe,Fruits,Online,C,2014-06-20 00:00:00,514321792,2014-07-05 00:00:00,8102,9.33,6.92,75591.66,56065.84,19525.82
Sub-Saharan Africa,Rwanda,Office Supplies,Offline,L,2013-02-01 00:00:00,115456712,2013-02-06 00:00:00,5062,651.21,524.96,3296425.02,2657347.52,639077.5
Australia and Oceania,Solomon Islands,Baby Food,Online,C,2015-02-04 00:00:00,547995746,2015-02-21 00:00:00,2974,255.28,159.42,759202.72,474115.08,285087.64
Sub-Saharan Africa,Angola,Household,Offline,M,2011-04-23 00:00:00,135425221,2011-04-27 00:00:00,4187,668.27,502.54,2798046.49,2104134.98,693911.51
Sub-Saharan Africa,Burkina Faso,Vegetables,Online,H,2012-07-17 00:00:00,871543967,2012-07-27 00:00:00,8082,154.06,90.93,1245112.92,734896.26,510216.66
Sub-Saharan Africa,Republic of the Congo,Personal Care,Offline,M,2015-07-14 00:00:00,770463311,2015-08-25 00:00:00,6070,81.73,56.67,496101.1,343986.9,152114.2
Sub-Saharan Africa,Senegal,Cereal,Online,H,2014-04-18 00:00:00,616607081,2014-05-30 00:00:00,6593,205.7,117.11,1356180.1,772106.23,584073.87
Asia,Kyrgyzstan,Vegetables,Online,H,2011-06-24 00:00:00,814711606,2011-07-12 00:00:00,124,154.06,90.93,19103.44,11275.32,7828.12
Sub-Saharan Africa,Cape Verde,Clothes,Offline,H,2014-08-02 00:00:00,939825713,2014-08-19 00:00:00,4168,109.28,35.84,455479.04,149381.12,306097.92
Asia,Bangladesh,Clothes,Online,L,2017-01-13 00:00:00,187310731,2017-03-01 00:00:00,8263,109.28,35.84,902980.64,296145.92,606834.72
Central America and the Caribbean,Honduras,Household,Offline,H,2017-02-08 00:00:00,522840487,2017-02-13 00:00:00,8974,668.27,502.54,5997054.98,4509793.96,1487261.02
Asia,Mongolia,Personal Care,Offline,C,2014-02-19 00:00:00,832401311,2014-02-23 00:00:00,4901,81.73,56.67,400558.73,277739.67,122819.06
Europe,Bulgaria,Clothes,Online,M,2012-04-23 00:00:00,972292029,2012-06-03 00:00:00,1673,109.28,35.84,182825.44,59960.32,122865.12
Asia,Sri Lanka,Cosmetics,Offline,M,2016-11-19 00:00:00,419123971,2016-12-18 00:00:00,6952,437.2,263.33,3039414.4,1830670.16,1208744.24
Sub-Saharan Africa,Cameroon,Beverages,Offline,C,2015-04-01 00:00:00,519820964,2015-04-18 00:00:00,5430,47.45,31.79,257653.5,172619.7,85033.8
Asia,Turkmenistan,Household,Offline,L,2010-12-30 00:00:00,441619336,2011-01-20 00:00:00,3830,668.27,502.54,2559474.1,1924728.2,634745.9
Australia and Oceania,East Timor,Meat,Online,L,2012-07-31 00:00:00,322067916,2012-09-11 00:00:00,5908,421.89,364.69,2492526.12,2154588.52,337937.6
Europe,Norway,Baby Food,Online,L,2014-05-14 00:00:00,819028031,2014-06-28 00:00:00,7450,255.28,159.42,1901836.0,1187679.0,714157.0
Europe,Portugal,Baby Food,Online,H,2015-07-31 00:00:00,860673511,2015-09-03 00:00:00,1273,255.28,159.42,324971.44,202941.66,122029.78
Central America and the Caribbean,Honduras,Snacks,Online,L,2016-06-30 00:00:00,795490682,2016-07-26 00:00:00,2225,152.58,97.44,339490.5,216804.0,122686.5
Australia and Oceania,New Zealand,Fruits,Online,H,2014-09-08 00:00:00,142278373,2014-10-04 00:00:00,2187,9.33,6.92,20404.71,15134.04,5270.67
Europe,Moldova ,Personal Care,Online,L,2016-05-07 00:00:00,740147912,2016-05-10 00:00:00,5070,81.73,56.67,414371.1,287316.9,127054.2
Europe,France,Cosmetics,Online,H,2017-05-22 00:00:00,898523128,2017-06-05 00:00:00,1815,437.2,263.33,793518.0,477943.95,315574.05
Australia and Oceania,Kiribati,Fruits,Online,M,2014-10-13 00:00:00,347140347,2014-11-10 00:00:00,5398,9.33,6.92,50363.34,37354.16,13009.18
Sub-Saharan Africa,Mali,Fruits,Online,L,2010-05-07 00:00:00,686048400,2010-05-10 00:00:00,5822,9.33,6.92,54319.26,40288.24,14031.02
Europe,Norway,Beverages,Offline,C,2014-07-18 00:00:00,435608613,2014-07-30 00:00:00,5124,47.45,31.79,243133.8,162891.96,80241.84
Sub-Saharan Africa,The Gambia,Household,Offline,L,2012-05-26 00:00:00,886494815,2012-06-09 00:00:00,2370,668.27,502.54,1583799.9,1191019.8,392780.1
Europe,Switzerland,Cosmetics,Offline,M,2012-09-17 00:00:00,249693334,2012-10-20 00:00:00,8661,437.2,263.33,3786589.2,2280701.13,1505888.07
Sub-Saharan Africa,South Sudan,Personal Care,Offline,C,2013-12-29 00:00:00,406502997,2014-01-28 00:00:00,2125,81.73,56.67,173676.25,120423.75,53252.5
Australia and Oceania,Australia,Office Supplies,Online,C,2015-10-27 00:00:00,158535134,2015-11-25 00:00:00,2924,651.21,524.96,1904138.04,1534983.04,369155.0
Asia,Myanmar,Household,Offline,H,2015-01-16 00:00:00,177713572,2015-03-01 00:00:00,8250,668.27,502.54,5513227.5,4145955.0,1367272.5
Sub-Saharan Africa,Djibouti,Snacks,Online,M,2017-02-25 00:00:00,756274640,2017-02-25 00:00:00,7327,152.58,97.44,1117953.66,713942.88,404010.78
Central America and the Caribbean,Costa Rica,Personal Care,Offline,L,2017-05-08 00:00:00,456767165,2017-05-21 00:00:00,6409,81.73,56.67,523807.57,363198.03,160609.54
Middle East and North Africa,Syria,Fruits,Online,L,2011-11-22 00:00:00,162052476,2011-12-03 00:00:00,3784,9.33,6.92,35304.72,26185.28,9119.44
Sub-Saharan Africa,The Gambia,Meat,Online,M,2017-01-14 00:00:00,825304400,2017-01-23 00:00:00,4767,421.89,364.69,2011149.63,1738477.23,272672.4
Asia,Brunei,Office Supplies,Online,L,2012-04-01 00:00:00,320009267,2012-05-08 00:00:00,6708,651.21,524.96,4368316.68,3521431.68,846885.0
Europe,Bulgaria,Office Supplies,Online,M,2012-02-16 00:00:00,189965903,2012-02-28 00:00:00,3987,651.21,524.96,2596374.27,2093015.52,503358.75
Sub-Saharan Africa,Niger,Personal Care,Online,H,2017-03-11 00:00:00,699285638,2017-03-28 00:00:00,3015,81.73,56.67,246415.95,170860.05,75555.9
Middle East and North Africa,Azerbaijan,Cosmetics,Online,M,2010-02-06 00:00:00,382392299,2010-02-25 00:00:00,7234,437.2,263.33,3162704.8,1904929.22,1257775.58
Sub-Saharan Africa,The Gambia,Cereal,Offline,H,2012-06-07 00:00:00,994022214,2012-06-08 00:00:00,2117,205.7,117.11,435466.9,247921.87,187545.03
Europe,Slovakia,Vegetables,Online,H,2012-10-06 00:00:00,759224212,2012-11-10 00:00:00,171,154.06,90.93,26344.26,15549.03,10795.23
Asia,Myanmar,Clothes,Online,H,2015-11-14 00:00:00,223359620,2015-11-18 00:00:00,5930,109.28,35.84,648030.4,212531.2,435499.2
Sub-Saharan Africa,Comoros,Cereal,Offline,H,2016-03-29 00:00:00,902102267,2016-04-29 00:00:00,962,205.7,117.11,197883.4,112659.82,85223.58
Europe,Iceland,Cosmetics,Online,C,2016-12-31 00:00:00,331438481,2016-12-31 00:00:00,8867,437.2,263.33,3876652.4,2334947.11,1541705.29
Europe,Switzerland,Personal Care,Online,M,2010-12-23 00:00:00,617667090,2011-01-31 00:00:00,273,81.73,56.67,22312.29,15470.91,6841.38
Europe,Macedonia,Clothes,Offline,C,2014-10-14 00:00:00,787399423,2014-11-14 00:00:00,7842,109.28,35.84,856973.76,281057.28,575916.48
Sub-Saharan Africa,Mauritania,Office Supplies,Offline,C,2012-01-11 00:00:00,837559306,2012-01-13 00:00:00,1266,651.21,524.96,824431.86,664599.36,159832.5
Europe,Albania,Clothes,Online,C,2010-02-02 00:00:00,385383069,2010-03-18 00:00:00,2269,109.28,35.84,247956.32,81320.96,166635.36
Sub-Saharan Africa,Lesotho,Fruits,Online,L,2013-08-18 00:00:00,918419539,2013-09-18 00:00:00,9606,9.33,6.92,89623.98,66473.52,23150.46
Middle East and North Africa,Saudi Arabia,Cereal,Online,M,2013-03-25 00:00:00,844530045,2013-03-28 00:00:00,4063,205.7,117.11,835759.1,475817.93,359941.17
Sub-Saharan Africa,Sierra Leone,Office Supplies,Offline,M,2011-11-26 00:00:00,441888415,2012-01-07 00:00:00,3457,651.21,524.96,2251232.97,1814786.72,436446.25
Sub-Saharan Africa,Sao Tome and Principe,Fruits,Offline,H,2013-09-17 00:00:00,508980977,2013-10-24 00:00:00,7637,9.33,6.92,71253.21,52848.04,18405.17
Sub-Saharan Africa,Cote d'Ivoire,Clothes,Online,C,2012-06-08 00:00:00,114606559,2012-06-27 00:00:00,3482,109.28,35.84,380512.96,124794.88,255718.08
Australia and Oceania,Fiji,Clothes,Offline,C,2010-06-30 00:00:00,647876489,2010-08-01 00:00:00,9905,109.28,35.84,1082418.4,354995.2,727423.2
Europe,Austria,Cosmetics,Offline,H,2015-02-23 00:00:00,868214595,2015-03-02 00:00:00,2847,437.2,263.33,1244708.4,749700.51,495007.89
Europe,United Kingdom,Household,Online,L,2012-01-05 00:00:00,955357205,2012-02-14 00:00:00,282,668.27,502.54,188452.14,141716.28,46735.86
Sub-Saharan Africa,Djibouti,Cosmetics,Offline,H,2014-04-07 00:00:00,259353148,2014-04-19 00:00:00,7215,437.2,263.33,3154398.0,1899925.95,1254472.05
Australia and Oceania,Australia,Cereal,Offline,H,2013-06-09 00:00:00,450563752,2013-07-02 00:00:00,682,205.7,117.11,140287.4,79869.02,60418.38
Europe,San Marino,Baby Food,Online,L,2013-06-26 00:00:00,569662845,2013-07-01 00:00:00,4750,255.28,159.42,1212580.0,757245.0,455335.0
Sub-Saharan Africa,Cameroon,Office Supplies,Online,M,2011-11-07 00:00:00,177636754,2011-11-15 00:00:00,5518,651.21,524.96,3593376.78,2896729.28,696647.5
Middle East and North Africa,Libya,Clothes,Offline,H,2010-10-30 00:00:00,705784308,2010-11-17 00:00:00,6116,109.28,35.84,668356.48,219197.44,449159.04
Central America and the Caribbean,Haiti,Cosmetics,Offline,H,2013-10-13 00:00:00,505716836,2013-11-16 00:00:00,1705,437.2,263.33,745426.0,448977.65,296448.35
Sub-Saharan Africa,Rwanda,Cosmetics,Offline,H,2013-10-11 00:00:00,699358165,2013-11-25 00:00:00,4477,437.2,263.33,1957344.4,1178928.41,778415.99
Sub-Saharan Africa,Gabon,Personal Care,Offline,L,2012-07-08 00:00:00,228944623,2012-07-09 00:00:00,8656,81.73,56.67,707454.88,490535.52,216919.36
Central America and the Caribbean,Belize,Clothes,Offline,M,2016-07-25 00:00:00,807025039,2016-09-07 00:00:00,5498,109.28,35.84,600821.44,197048.32,403773.12
Europe,Lithuania,Office Supplies,Offline,H,2010-10-24 00:00:00,166460740,2010-11-17 00:00:00,8287,651.21,524.96,5396577.27,4350343.52,1046233.75
Sub-Saharan Africa,Madagascar,Clothes,Offline,L,2015-04-25 00:00:00,610425555,2015-05-28 00:00:00,7342,109.28,35.84,802333.76,263137.28,539196.48
Asia,Turkmenistan,Office Supplies,Online,M,2013-04-23 00:00:00,462405812,2013-05-20 00:00:00,5010,651.21,524.96,3262562.1,2630049.6,632512.5
Middle East and North Africa,Libya,Fruits,Online,L,2015-08-14 00:00:00,816200339,2015-09-30 00:00:00,673,9.33,6.92,6279.09,4657.16,1621.93
Sub-Saharan Africa,Democratic Republic of the Congo,Beverages,Online,C,2011-05-26 00:00:00,585920464,2011-07-15 00:00:00,5741,47.45,31.79,272410.45,182506.39,89904.06
Sub-Saharan Africa,Djibouti,Cereal,Online,H,2017-05-20 00:00:00,555990016,2017-06-17 00:00:00,8656,205.7,117.11,1780539.2,1013704.16,766835.04
Middle East and North Africa,Pakistan,Cosmetics,Offline,L,2013-07-05 00:00:00,231145322,2013-08-16 00:00:00,9892,437.2,263.33,4324782.4,2604860.36,1719922.04
North America,Mexico,Household,Offline,C,2014-11-06 00:00:00,986435210,2014-12-12 00:00:00,6954,668.27,502.54,4647149.58,3494663.16,1152486.42
Australia and Oceania,Federated States of Micronesia,Beverages,Online,C,2014-10-28 00:00:00,217221009,2014-11-15 00:00:00,9379,47.45,31.79,445033.55,298158.41,146875.14
Asia,Laos,Vegetables,Offline,C,2011-09-15 00:00:00,789176547,2011-10-23 00:00:00,3732,154.06,90.93,574951.92,339350.76,235601.16
Europe,Monaco,Baby Food,Offline,H,2012-05-29 00:00:00,688288152,2012-06-02 00:00:00,8614,255.28,159.42,2198981.92,1373243.88,825738.04
Australia and Oceania,Samoa ,Cosmetics,Online,H,2013-07-20 00:00:00,670854651,2013-08-07 00:00:00,9654,437.2,263.33,4220728.8,2542187.82,1678540.98
Europe,Spain,Household,Offline,L,2012-10-21 00:00:00,213487374,2012-11-30 00:00:00,4513,668.27,502.54,3015902.51,2267963.02,747939.49
Middle East and North Africa,Lebanon,Clothes,Online,L,2012-09-18 00:00:00,663110148,2012-10-08 00:00:00,7884,109.28,35.84,861563.52,282562.56,579000.96
Middle East and North Africa,Iran,Cosmetics,Online,H,2016-11-15 00:00:00,286959302,2016-12-08 00:00:00,6489,437.2,263.33,2836990.8,1708748.37,1128242.43
Sub-Saharan Africa,Zambia,Snacks,Online,L,2011-01-04 00:00:00,122583663,2011-01-05 00:00:00,4085,152.58,97.44,623289.3,398042.4,225246.9
Sub-Saharan Africa,Kenya,Vegetables,Online,L,2012-03-18 00:00:00,827844560,2012-04-07 00:00:00,6457,154.06,90.93,994765.42,587135.01,407630.41
North America,Mexico,Personal Care,Offline,L,2012-02-17 00:00:00,430915820,2012-03-20 00:00:00,6422,81.73,56.67,524870.06,363934.74,160935.32
Sub-Saharan Africa,Sao Tome and Principe,Beverages,Offline,C,2011-01-16 00:00:00,180283772,2011-01-21 00:00:00,8829,47.45,31.79,418936.05,280673.91,138262.14
Sub-Saharan Africa,The Gambia,Baby Food,Offline,M,2014-02-03 00:00:00,494747245,2014-03-20 00:00:00,5559,255.28,159.42,1419101.52,886215.78,532885.74
Middle East and North Africa,Kuwait,Fruits,Online,M,2012-04-30 00:00:00,513417565,2012-05-18 00:00:00,522,9.33,6.92,4870.26,3612.24,1258.02
Europe,Slovenia,Beverages,Offline,C,2016-10-23 00:00:00,345718562,2016-11-25 00:00:00,4660,47.45,31.79,221117.0,148141.4,72975.6
Sub-Saharan Africa,Sierra Leone,Office Supplies,Offline,H,2016-12-06 00:00:00,621386563,2016-12-14 00:00:00,948,651.21,524.96,617347.08,497662.08,119685.0
Australia and Oceania,Australia,Beverages,Offline,H,2014-07-07 00:00:00,240470397,2014-07-11 00:00:00,9389,47.45,31.79,445508.05,298476.31,147031.74
Middle East and North Africa,Azerbaijan,Office Supplies,Online,M,2012-06-13 00:00:00,423331391,2012-07-24 00:00:00,2021,651.21,524.96,1316095.41,1060944.16,255151.25
Europe,Romania,Cosmetics,Online,H,2010-11-26 00:00:00,660643374,2010-12-25 00:00:00,7910,437.2,263.33,3458252.0,2082940.3,1375311.7
Central America and the Caribbean,Nicaragua,Beverages,Offline,C,2011-02-08 00:00:00,963392674,2011-03-21 00:00:00,8156,47.45,31.79,387002.2,259279.24,127722.96
Sub-Saharan Africa,Mali,Clothes,Online,M,2011-07-26 00:00:00,512878119,2011-09-03 00:00:00,888,109.28,35.84,97040.64,31825.92,65214.72
Asia,Malaysia,Fruits,Offline,L,2011-11-11 00:00:00,810711038,2011-12-28 00:00:00,6267,9.33,6.92,58471.11,43367.64,15103.47
Sub-Saharan Africa,Sierra Leone,Vegetables,Offline,C,2016-06-01 00:00:00,728815257,2016-06-29 00:00:00,1485,154.06,90.93,228779.1,135031.05,93748.05
North America,Mexico,Personal Care,Offline,M,2015-07-30 00:00:00,559427106,2015-08-08 00:00:00,5767,81.73,56.67,471336.91,326815.89,144521.02
Sub-Saharan Africa,Mozambique,Household,Offline,L,2012-02-10 00:00:00,665095412,2012-02-15 00:00:00,5367,668.27,502.54,3586605.09,2697132.18,889472.91
Australia and Oceania,Tuvalu,Snacks,Online,C,9/6/2018,353964304,10/4/2018,8157,165.91,107.27,1353327.87,875001.39,478326.48
Central America and the Caribbean,Grenada,Beverages,Online,C,1/5/2018,454537693,1/6/2018,9985,46.03,32.11,459609.55,320618.35,138991.2
Central America and the Caribbean,Haiti,Office Supplies,Offline,L,1/9/2018,314493233,2/5/2018,8645,688.88,573.81,5955367.6,4960587.45,994780.15
Australia and Oceania,Federated States of Micronesia,Baby Food,Online,L,10/20/2018,103134483,11/7/2018,10827,287.18,166.41,3109297.86,1801721.07,1307576.79
North America,Mexico,Baby Food,Offline,H,12/19/2018,375512911,1/13/2019,10018,255.27,149.53,2557294.86,1497991.54,1059303.32
Australia and Oceania,Kiribati,Meat,Online,L,1/9/2018,956603282,2/8/2018,5017,460.47,406.9,2310177.99,2041417.3,268760.69
Sub-Saharan Africa,Mauritania,Meat,Online,C,11/7/2018,881564516,11/12/2018,3009,453.66,349.0,1365062.94,1050141.0,314921.94
Middle East and North Africa,Saudi Arabia,Snacks,Offline,M,7/22/2018,632315264,7/24/2018,7197,156.95,98.12,1129569.15,706169.64,423399.51
Middle East and North Africa,Kuwait,Personal Care,Offline,H,1/5/2018,945668978,1/31/2018,7114,80.72,53.71,574242.08,382092.94,192149.14
Australia and Oceania,Tuvalu,Office Supplies,Online,C,1/1/2018,388725041,1/5/2018,4863,675.3,524.13,3283983.9,2548844.19,735139.71
Sub-Saharan Africa,Madagascar,Beverages,Online,M,1/23/2018,914027372,1/29/2018,10801,51.72,34.19,558627.72,369286.19,189341.53
Middle East and North Africa,Libya,Cosmetics,Online,L,1/14/2018,692766554,1/16/2018,9359,494.23,289.48,4625498.57,2709243.32,1916255.25
Middle East and North Africa,Azerbaijan,Beverages,Online,M,1/15/2018,252699010,2/2/2018,3087,49.46,35.01,152683.02,108075.87,44607.15
Australia and Oceania,Samoa ,Household,Offline,M,8/20/2018,250587743,8/21/2018,3432,659.7,540.18,2264090.4,1853897.76,410192.64
Europe,Russia,Fruits,Online,C,12/30/2018,177402191,1/6/2019,5561,8.67,6.83,48213.87,37981.63,10232.24
Central America and the Caribbean,Nicaragua,Clothes,Offline,C,3/7/2018,969023684,3/26/2018,1537,110.63,35.47,170038.31,54517.39,115520.92
Middle East and North Africa,Kuwait,Snacks,Online,H,12/26/2018,785096317,1/23/2019,8792,171.52,95.2,1508003.84,836998.4,671005.44
Asia,Kyrgyzstan,Beverages,Online,H,9/1/2018,271644906,9/7/2018,9502,52.7,31.7,500755.4,301213.4,199542.0
North America,Mexico,Cereal,Offline,H,7/11/2018,842155687,7/25/2018,2320,225.48,120.78,523113.6,280209.6,242904.0
Asia,Myanmar,Personal Care,Online,C,7/17/2018,441093187,8/8/2018,5819,84.53,62.33,491880.07,362698.27,129181.8
Middle East and North Africa,Pakistan,Cosmetics,Offline,L,5/24/2018,359881631,6/23/2018,1530,458.29,249.53,701183.7,381780.9,319402.8
Europe,Russia,Cereal,Online,M,5/27/2018,755571799,6/14/2018,1983,228.31,123.15,452738.73,244206.45,208532.28
Middle East and North Africa,Libya,Fruits,Offline,M,4/16/2018,760257882,4/26/2018,4867,10.28,6.42,50032.76,31246.14,18786.62
North America,Mexico,Vegetables,Online,H,7/2/2018,405372203,7/27/2018,6152,159.45,90.29,980936.4,555464.08,425472.32
Middle East and North Africa,Syria,Baby Food,Online,C,11/27/2018,503794443,12/17/2018,10992,246.5,170.94,2709528.0,1878972.48,830555.52
Europe,Slovenia,Vegetables,Offline,H,10/25/2018,403494987,11/18/2018,4703,168.81,99.62,793913.43,468512.86,325400.57
Europe,Portugal,Fruits,Online,C,10/8/2018,440345229,10/14/2018,9340,9.64,7.59,90037.6,70890.6,19147.0
Middle East and North Africa,Iran,Baby Food,Online,M,2/14/2018,659380380,3/10/2018,1027,283.22,169.32,290866.94,173891.64,116975.3
Central America and the Caribbean,Costa Rica,Personal Care,Online,M,3/12/2018,790826393,3/15/2018,9935,82.76,57.02,822220.6,566493.7,255726.9
Middle East and North Africa,Azerbaijan,Baby Food,Online,C,12/17/2018,339333902,1/4/2019,6419,278.45,176.78,1787370.55,1134750.82,652619.73
Australia and Oceania,Tuvalu,Office Supplies,Offline,H,2/25/2019,473723657,2/28/2019,5166,683.91,536.61,3533079.06,2772127.26,760951.8
Asia,Kyrgyzstan,Beverages,Offline,M,5/13/2019,149201820,5/18/2019,10642,54.89,34.08,584139.38,362679.36,221460.02
Asia,Turkmenistan,Snacks,Offline,H,12/2/2019,709981676,12/11/2019,8359,176.74,96.69,1477369.66,808231.71,669137.95
Europe,Portugal,Cosmetics,Online,L,10/8/2019,806154822,11/1/2019,3751,463.73,277.03,1739451.23,1039139.53,700311.7
Australia and Oceania,Australia,Beverages,Offline,H,5/22/2019,791166096,5/31/2019,10995,54.72,32.36,601646.4,355798.2,245848.2
Europe,Iceland,Clothes,Online,H,12/10/2019,367887060,12/29/2019,2180,112.62,41.32,245511.6,90077.6,155434.0
Asia,Myanmar,Household,Online,C,9/18/2019,288030714,10/3/2019,8991,655.95,540.92,5897646.45,4863411.72,1034234.73
Sub-Saharan Africa,The Gambia,Snacks,Online,C,9/22/2019,388616333,10/10/2019,4695,152.72,97.26,717020.4,456635.7,260384.7
Australia and Oceania,Fiji,Vegetables,Online,L,6/18/2019,236692981,7/11/2019,7940,149.23,99.51,1184886.2,790109.4,394776.8
Europe,Norway,Fruits,Online,C,6/7/2019,994843942,6/22/2019,10636,9.21,7.85,97957.56,83492.6,14464.96
Australia and Oceania,Solomon Islands,Cereal,Offline,M,2/22/2019,446902756,3/5/2019,3102,203.93,135.55,632590.86,420476.1,212114.76
Asia,Turkmenistan,Office Supplies,Online,C,5/26/2019,928278743,5/29/2019,6290,673.85,542.63,4238516.5,3413142.7,825373.8
Europe,United Kingdom,Personal Care,Offline,C,8/21/2019,746439119,9/16/2019,2297,78.64,56.36,180636.08,129458.92,51177.16
Sub-Saharan Africa,Djibouti,Meat,Offline,M,8/12/2019,718932499,9/2/2019,6245,432.37,363.17,2700150.65,2267996.65,432154.0
Sub-Saharan Africa,Gabon,Snacks,Offline,H,5/27/2019,937659096,6/3/2019,6994,148.12,104.0,1035951.28,727376.0,308575.28
Australia and Oceania,Kiribati,Personal Care,Offline,C,5/22/2019,439156656,6/14/2019,6771,94.12,58.89,637286.52,398744.19,238542.33
North America,Mexico,Beverages,Online,L,7/12/2019,373309369,7/17/2019,10599,45.27,32.53,479816.73,344785.47,135031.26
Sub-Saharan Africa,Sao Tome and Principe,Beverages,Online,M,5/8/2019,415068802,5/17/2019,9010,53.41,32.11,481224.1,289311.1,191913.0
Australia and Oceania,New Zealand,Snacks,Offline,M,6/3/2019,912357415,6/11/2019,6979,175.52,99.72,1224954.08,695945.88,529008.2
Europe,Monaco,Meat,Offline,H,6/1/2019,327052874,6/16/2019,3502,481.66,377.1,1686773.32,1320604.2,366169.12
Middle East and North Africa,Syria,Meat,Online,L,9/9/2019,537810474,9/17/2019,2457,445.55,390.03,1094716.35,958303.71,136412.64
North America,Mexico,Vegetables,Online,C,1/26/2019,310459024,2/17/2019,1883,173.36,97.36,326436.88,183328.88,143108.0
North America,Mexico,Clothes,Online,H,8/10/2019,264676593,9/4/2019,9981,109.22,41.48,1090124.82,414011.88,676112.94
Central America and the Caribbean,Grenada,Snacks,Offline,M,2/28/2019,557864241,3/6/2019,2149,153.25,93.57,329334.25,201081.93,128252.32
Middle East and North Africa,Kuwait,Office Supplies,Offline,L,4/9/2019,839928214,5/2/2019,5498,733.55,591.66,4033057.9,3252946.68,780111.22
Europe,Iceland,Vegetables,Offline,C,3/5/2019,220318098,3/28/2019,1727,175.42,99.1,302950.34,171145.7,131804.64
Europe,Iceland,Personal Care,Online,M,3/13/2019,924692587,3/24/2019,362,94.62,55.1,34252.44,19946.2,14306.24
Australia and Oceania,Australia,Beverages,Online,C,8/27/2019,884942537,8/28/2019,9283,55.0,32.76,510565.0,304111.08,206453.92
Central America and the Caribbean,Haiti,Cosmetics,Online,H,12/1/2019,474571504,12/14/2019,2106,455.16,298.88,958566.96,629441.28,329125.68
Middle East and North Africa,Saudi Arabia,Meat,Online,L,1/21/2019,927188071,2/12/2019,4276,470.54,358.89,2012029.04,1534613.64,477415.4
Europe,Slovenia,Meat,Offline,M,12/5/2020,889012476,12/7/2020,4759,419.76,357.46,1997637.84,1701152.14,296485.7
Middle East and North Africa,Kuwait,Baby Food,Online,H,1/29/2020,820348954,2/17/2020,8951,224.74,148.01,2011647.74,1324837.51,686810.23
Sub-Saharan Africa,South Sudan,Baby Food,Offline,L,6/3/2020,799270902,6/21/2020,1889,250.49,133.28,473175.61,251765.92,221409.69
Sub-Saharan Africa,Mozambique,Meat,Offline,C,11/29/2020,372950932,12/2/2020,6243,362.27,329.35,2261651.61,2056132.05,205519.56
Asia,Kyrgyzstan,Cereal,Offline,C,6/20/2020,636721742,7/12/2020,3155,204.4,99.46,644882.0,313796.3,331085.7
Europe,France,Cereal,Online,M,10/28/2020,698399826,11/15/2020,8118,201.77,114.16,1637968.86,926750.88,711217.98
Asia,Bangladesh,Vegetables,Offline,C,6/19/2020,790829736,7/16/2020,1387,132.96,92.22,184415.52,127909.14,56506.38
North America,Mexico,Cereal,Offline,M,8/20/2020,310008776,9/16/2020,3449,187.47,109.16,646584.03,376492.84,270091.19
Sub-Saharan Africa,Comoros,Beverages,Online,L,7/4/2020,118189257,7/31/2020,7886,43.61,27.66,343908.46,218126.76,125781.7
Middle East and North Africa,Syria,Baby Food,Offline,H,8/14/2020,262334071,8/20/2020,1224,252.25,153.47,308754.0,187847.28,120906.72
Middle East and North Africa,Kuwait,Cosmetics,Online,C,2/6/2020,840421891,2/18/2020,7466,372.68,246.67,2782428.88,1841638.22,940790.66
Sub-Saharan Africa,Democratic Republic of the Congo,Office Supplies,Offline,L,2/16/2020,152131061,3/2/2020,1823,612.27,498.11,1116168.21,908054.53,208113.68
Middle East and North Africa,Kuwait,Cereal,Online,H,3/11/2020,316772470,4/10/2020,2128,207.34,100.22,441219.52,213268.16,227951.36
Australia and Oceania,Australia,Cereal,Online,L,10/24/2020,506077282,11/11/2020,4395,174.25,118.28,765828.75,519840.6,245988.15
Sub-Saharan Africa,Comoros,Beverages,Online,H,9/21/2020,494268463,10/9/2020,4494,40.29,28.36,181063.26,127449.84,53613.42
Australia and Oceania,Fiji,Personal Care,Online,M,4/2/2020,397037962,4/21/2020,3658,70.68,53.06,258547.44,194093.48,64453.96
Middle East and North Africa,Libya,Snacks,Online,L,7/12/2020,377342523,8/10/2020,6912,139.52,91.42,964362.24,631895.04,332467.2
Sub-Saharan Africa,Rwanda,Beverages,Online,C,7/19/2020,128072085,8/14/2020,2580,41.19,27.86,106270.2,71878.8,34391.4
Asia,Bangladesh,Household,Online,C,7/4/2020,362418808,7/26/2020,2360,613.26,428.35,1447293.6,1010906.0,436387.6
North America,Mexico,Snacks,Offline,H,1/7/2020,643489322,1/29/2020,1877,149.57,99.3,280742.89,186386.1,94356.79
Asia,Laos,Baby Food,Online,M,12/20/2020,771716039,1/13/2021,4386,237.14,154.52,1040096.04,677724.72,362371.32
Asia,Brunei,Office Supplies,Online,M,11/20/2020,993303401,12/7/2020,4342,566.82,443.21,2461132.44,1924417.82,536714.62
North America,Mexico,Clothes,Online,H,7/11/2020,497392596,7/25/2020,10481,102.09,30.45,1070005.29,319146.45,750858.84
Asia,Sri Lanka,Baby Food,Online,H,4/10/2020,991447722,5/10/2020,2362,243.66,144.07,575524.92,340293.34,235231.58
Sub-Saharan Africa,Senegal,Vegetables,Offline,L,7/16/2020,706562638,8/15/2020,391,135.96,75.93,53160.36,29688.63,23471.73
Europe,San Marino,Beverages,Online,C,3/16/2020,623677185,4/3/2020,2697,42.03,26.85,113354.91,72414.45,40940.46
Central America and the Caribbean,Grenada,Office Supplies,Offline,H,2/10/2020,720483249,2/22/2020,746,640.87,463.4,478089.02,345696.4,132392.62
Central America and the Caribbean,Grenada,Cereal,Online,H,3/28/2020,407030725,4/13/2020,3854,174.52,102.09,672600.08,393454.86,279145.22
Europe,Moldova ,Household,Offline,L,12/24/2020,223228154,12/29/2020,1016,581.81,460.49,591118.96,467857.84,123261.12
Middle East and North Africa,Lebanon,Vegetables,Online,L,3/28/2020,414384443,4/20/2020,7569,155.1,89.77,1173951.9,679469.13,494482.77
Central America and the Caribbean,Costa Rica,Cosmetics,Online,L,12/11/2021,504219702,12/19/2021,1196,492.26,344.64,588742.96,412189.44,176553.52
Australia and Oceania,Australia,Meat,Offline,L,5/18/2021,841307429,5/27/2021,4136,517.51,471.52,2140421.36,1950206.72,190214.64
North America,Mexico,Personal Care,Online,L,12/23/2021,337112740,1/15/2022,1378,105.24,67.03,145020.72,92367.34,52653.38
Australia and Oceania,Federated States of Micronesia,Snacks,Online,M,11/10/2021,636556052,11/24/2021,5987,202.99,111.15,1215301.13,665455.05,549846.08
Europe,Austria,Clothes,Online,H,6/26/2021,980445875,7/6/2021,1024,133.98,42.07,137195.52,43079.68,94115.84
Australia and Oceania,New Zealand,Clothes,Online,L,5/16/2021,591678071,6/5/2021,9574,132.16,41.26,1265299.84,395023.24,870276.6
Australia and Oceania,New Zealand,Cereal,Online,H,3/1/2021,651073745,3/5/2021,1374,230.91,141.42,317270.34,194311.08,122959.26
North America,Mexico,Meat,Online,L,12/7/2021,162378807,12/30/2021,4541,549.82,426.99,2496732.62,1938961.59,557771.03
Central America and the Caribbean,Grenada,Household,Online,C,12/21/2021,664039630,1/5/2022,10504,760.45,650.03,7987766.8,6827915.12,1159851.68
North America,Mexico,Cosmetics,Online,M,10/8/2021,662498931,10/23/2021,10657,575.88,314.39,6137153.16,3350454.23,2786698.93
Middle East and North Africa,Iran,Fruits,Online,M,12/12/2021,929290592,12/20/2021,11254,12.21,7.93,137411.34,89244.22,48167.12
Middle East and North Africa,Pakistan,Baby Food,Offline,L,7/21/2021,808331287,8/13/2021,6440,335.31,188.34,2159396.4,1212909.6,946486.8
North America,Mexico,Baby Food,Online,M,5/17/2021,622382115,6/12/2021,5030,302.18,180.71,1519965.4,908971.3,610994.1
Europe,San Marino,Office Supplies,Online,M,11/17/2021,297330830,11/18/2021,2232,738.88,596.27,1649180.16,1330874.64,318305.52
Europe,Romania,Meat,Online,H,3/28/2021,309313721,4/12/2021,3478,570.86,476.15,1985451.08,1656049.7,329401.38
Asia,Kyrgyzstan,Household,Online,C,11/7/2021,677398498,11/17/2021,5310,858.03,583.07,4556139.3,3096101.7,1460037.6
Asia,Turkmenistan,Snacks,Offline,M,11/10/2021,399156445,12/1/2021,8114,190.14,129.38,1542795.96,1049789.32,493006.64
Australia and Oceania,East Timor,Household,Online,M,10/7/2021,906928830,10/25/2021,2704,857.05,634.18,2317463.2,1714822.72,602640.48
Australia and Oceania,Australia,Fruits,Offline,C,3/11/2021,149460682,3/18/2021,6832,10.57,9.02,72214.24,61624.64,10589.6
Europe,Switzerland,Clothes,Online,H,6/16/2021,830464260,6/29/2021,9453,128.24,42.81,1212252.72,404682.93,807569.79
North America,Mexico,Office Supplies,Online,L,3/23/2021,351906406,4/16/2021,8966,808.18,590.23,7246141.88,5292002.18,1954139.7
Asia,Brunei,Office Supplies,Online,H,7/1/2021,111457526,7/19/2021,478,757.46,607.58,362065.88,290423.24,71642.64
Europe,Moldova ,Beverages,Online,H,4/24/2021,910571161,5/15/2021,2918,56.58,36.98,165100.44,107907.64,57192.8
Sub-Saharan Africa,Djibouti,Office Supplies,Offline,M,2/11/2021,908800239,2/20/2021,5281,734.76,597.83,3880267.56,3157140.23,723127.33
Sub-Saharan Africa,Madagascar,Cosmetics,Offline,C,3/2/2021,414141596,3/15/2021,6527,500.13,351.46,3264348.51,2293979.42,970369.09
Europe,Macedonia,Vegetables,Offline,H,12/30/2021,480702367,1/16/2022,6026,181.53,122.09,1093899.78,735714.34,358185.44
North America,Mexico,Vegetables,Online,L,10/31/2021,865278190,11/10/2021,7979,176.46,103.61,1407974.34,826704.19,581270.15
Sub-Saharan Africa,Senegal,Personal Care,Online,H,6/14/2021,302911688,6/23/2021,8989,102.48,64.26,921192.72,577633.14,343559.58
Asia,Bangladesh,Personal Care,Online,M,11/5/2021,131661933,12/4/2021,1725,95.54,76.53,164806.5,132014.25,32792.25
Europe,Switzerland,Clothes,Online,C,10/3/2021,816506961,10/20/2021,1818,122.06,48.19,221905.08,87609.42,134295.66
Australia and Oceania,East Timor,Office Supplies,Online,C,10/2/2022,423206886,10/25/2022,4660,783.09,641.86,3649199.4,2991067.6,658131.8
Central America and the Caribbean,Costa Rica,Meat,Online,C,6/22/2022,118894606,7/15/2022,6490,476.14,439.14,3090148.6,2850018.6,240130.0
Middle East and North Africa,Saudi Arabia,Personal Care,Online,H,8/25/2022,112853201,9/7/2022,232,88.62,70.38,20559.84,16328.16,4231.68
Asia,Turkmenistan,Office Supplies,Offline,H,6/6/2022,875446582,6/20/2022,1008,688.54,632.88,694048.32,637943.04,56105.28
Middle East and North Africa,Syria,Fruits,Online,C,1/24/2022,684308761,2/23/2022,10555,9.94,7.49,104916.7,79056.95,25859.75
Asia,Brunei,Household,Online,L,7/29/2022,303259199,8/3/2022,7998,770.75,590.88,6164458.5,4725858.24,1438600.26
Australia and Oceania,New Zealand,Snacks,Online,C,12/21/2022,965951192,1/17/2023,4397,188.15,121.52,827295.55,534323.44,292972.11
Australia and Oceania,Kiribati,Clothes,Online,H,11/12/2022,437851880,11/21/2022,8475,136.61,43.34,1157769.75,367306.5,790463.25
Central America and the Caribbean,Belize,Personal Care,Online,L,5/16/2022,349090589,6/14/2022,8205,98.32,62.67,806715.6,514207.35,292508.25
North America,Mexico,Beverages,Offline,C,2/6/2022,458350333,2/12/2022,10827,53.81,37.74,582600.87,408610.98,173989.89
Sub-Saharan Africa,Comoros,Clothes,Offline,M,8/12/2022,995878957,8/14/2022,9256,126.6,37.84,1171809.6,350247.04,821562.56
Central America and the Caribbean,Honduras,Office Supplies,Online,M,11/29/2022,755913772,12/12/2022,1521,761.09,636.36,1157617.89,967903.56,189714.33
Sub-Saharan Africa,South Sudan,Household,Offline,C,3/27/2022,363619690,4/15/2022,5521,768.99,565.66,4245593.79,3123008.86,1122584.93
Central America and the Caribbean,Honduras,Beverages,Online,M,7/18/2022,785408092,7/20/2022,3036,53.3,39.89,161818.8,121106.04,40712.76
Europe,Russia,Fruits,Online,H,9/21/2022,711287827,10/6/2022,2152,11.07,8.33,23822.64,17926.16,5896.48
Central America and the Caribbean,Haiti,Meat,Offline,L,3/31/2022,347674853,4/17/2022,7082,467.07,459.06,3307789.74,3251062.92,56726.82
Middle East and North Africa,Iran,Baby Food,Online,M,3/28/2022,742765500,4/24/2022,10365,288.19,171.15,2987089.35,1773969.75,1213119.6
Europe,United Kingdom,Clothes,Online,M,11/6/2022,652861927,11/15/2022,8246,120.3,44.66,991993.8,368266.36,623727.44
Asia,Sri Lanka,Cereal,Online,L,11/5/2022,690733037,11/28/2022,2004,229.37,126.64,459657.48,253786.56,205870.92
Central America and the Caribbean,Grenada,Clothes,Offline,H,4/6/2022,685407506,5/3/2022,4315,116.23,40.86,501532.45,176310.9,325221.55
Asia,Malaysia,Household,Online,L,12/11/2022,911470342,12/31/2022,4828,802.72,634.11,3875532.16,3061483.08,814049.08
Australia and Oceania,Kiribati,Cereal,Offline,H,3/17/2022,290263832,4/8/2022,798,223.1,138.24,178033.8,110315.52,67718.28
Australia and Oceania,Tuvalu,Meat,Offline,L,2/18/2022,976317091,2/20/2022,5866,478.95,407.79,2809520.7,2392096.14,417424.56
Europe,Lithuania,Baby Food,Offline,L,7/8/2022,769642289,8/5/2022,4610,318.51,176.88,1468331.1,815416.8,652914.3
Central America and the Caribbean,Costa Rica,Snacks,Offline,M,4/2/2022,558734787,4/6/2022,4151,188.23,118.21,781342.73,490689.71,290653.02
Europe,Portugal,Baby Food,Online,L,5/28/2022,400786803,5/31/2022,5829,284.08,190.64,1655902.32,1111240.56,544661.76
North America,Mexico,Beverages,Online,M,10/18/2022,642850752,11/11/2022,4609,51.34,39.07,236626.06,180073.63,56552.43
Europe,Macedonia,Cereal,Online,C,4/16/2022,908711613,5/8/2022,7593,218.46,136.46,1658766.78,1036140.78,622626.0
North America,Mexico,Cosmetics,Offline,L,6/12/2022,939370676,6/14/2022,6056,549.89,324.04,3330133.84,1962386.24,1367747.6
Europe,Romania,Snacks,Online,C,1/22/2022,629072489,2/21/2022,7717,178.23,114.05,1375400.91,880123.85,495277.06
North America,Mexico,Personal Care,Online,L,10/25/2023,711118350,10/27/2023,4922,93.94,63.02,462372.68,310184.44,152188.24
Australia and Oceania,Kiribati,Beverages,Online,C,6/15/2023,365499500,6/26/2023,6163,56.46,39.78,347962.98,245164.14,102798.84
North America,Mexico,Cereal,Online,L,5/28/2023,287645242,6/25/2023,7742,235.82,133.01,1825718.44,1029763.42,795955.02
Asia,Bangladesh,Clothes,Online,H,2/22/2023,628127162,3/3/2023,2032,137.49,41.91,279379.68,85161.12,194218.56
Asia,Kyrgyzstan,Beverages,Online,C,10/9/2023,925692306,10/18/2023,5965,50.72,37.0,302544.8,220705.0,81839.8
Asia,Myanmar,Clothes,Online,C,12/26/2023,638128091,1/20/2024,3363,134.48,46.51,452256.24,156413.13,295843.11
Australia and Oceania,Australia,Vegetables,Online,M,3/28/2023,863672396,4/24/2023,4363,165.81,117.72,723429.03,513612.36,209816.67
Central America and the Caribbean,Honduras,Cereal,Online,H,4/22/2023,921911959,5/2/2023,2837,230.61,133.07,654240.57,377519.59,276720.98
Australia and Oceania,East Timor,Fruits,Online,L,6/5/2023,912345809,6/29/2023,8148,10.07,7.48,82050.36,60947.04,21103.32
North America,Mexico,Fruits,Online,H,6/20/2023,466605172,7/8/2023,7832,10.66,8.09,83489.12,63360.88,20128.24
Sub-Saharan Africa,Cameroon,Meat,Online,L,12/18/2023,309490190,12/31/2023,4648,473.89,400.57,2202640.72,1861849.36,340791.36
Sub-Saharan Africa,Niger,Cereal,Online,L,10/15/2023,433072144,11/4/2023,5547,223.42,147.02,1239310.74,815519.94,423790.8
North America,Mexico,Vegetables,Online,L,5/4/2023,256481673,5/20/2023,6373,172.73,111.78,1100808.29,712373.94,388434.35
Sub-Saharan Africa,The Gambia,Cosmetics,Online,C,4/29/2023,850515768,5/5/2023,7557,477.31,313.81,3607031.67,2371462.17,1235569.5
Sub-Saharan Africa,Cameroon,Cosmetics,Online,L,3/21/2023,504545107,3/28/2023,7903,479.69,289.26,3790990.07,2286021.78,1504968.29
Europe,Spain,Personal Care,Online,H,12/16/2023,953202922,1/1/2024,8880,97.27,71.07,863757.6,631101.6,232656.0
Europe,Lithuania,Personal Care,Offline,L,4/9/2023,118648695,4/24/2023,4901,90.86,63.69,445304.86,312144.69,133160.17
North America,Mexico,Office Supplies,Online,C,2/7/2023,369561875,2/18/2023,8672,738.37,627.58,6403144.64,5442373.76,960770.88
North America,Mexico,Household,Online,L,5/5/2023,761346366,5/31/2023,6820,814.1,544.49,5552162.0,3713421.8,1838740.2
Sub-Saharan Africa,Kenya,Office Supplies,Online,H,12/10/2023,714194588,12/19/2023,4942,806.23,566.19,3984388.66,2798110.98,1186277.68
Central America and the Caribbean,Honduras,Fruits,Online,M,10/29/2023,216228974,11/8/2023,4438,10.06,7.45,44646.28,33063.1,11583.18
Central America and the Caribbean,Costa Rica,Clothes,Online,M,1/2/2023,962807039,1/12/2023,9690,134.24,44.62,1300785.6,432367.8,868417.8
Europe,Monaco,Fruits,Online,L,3/25/2023,886557621,4/24/2023,5384,10.38,8.86,55885.92,47702.24,8183.68
Australia and Oceania,East Timor,Cereal,Online,C,6/4/2023,431389965,6/28/2023,1985,224.11,125.82,444858.35,249752.7,195105.65
North America,Mexico,Personal Care,Offline,L,8/8/2023,988113053,9/7/2023,869,93.19,63.92,80982.11,55546.48,25435.63
Europe,Russia,Snacks,Online,M,9/11/2023,318391888,9/19/2023,3460,180.39,105.26,624149.4,364199.6,259949.8
Asia,Turkmenistan,Household,Online,L,4/16/2023,506350986,4/19/2023,10710,719.96,540.4,7710771.6,5787684.0,1923087.6
Central America and the Caribbean,Honduras,Personal Care,Online,H,10/6/2023,649801972,10/24/2023,9335,91.41,66.52,853312.35,620964.2,232348.15
Europe,Macedonia,Clothes,Online,H,3/22/2023,220165029,4/9/2023,11277,130.6,42.22,1472776.2,476114.94,996661.26
Sub-Saharan Africa,Burkina Faso,Clothes,Offline,H,12/21/2023,191637856,1/17/2024,5379,140.39,42.99,755157.81,231243.21,523914.6
Australia and Oceania,Samoa ,Cereal,Offline,H,4/25/2024,286320717,5/17/2024,10151,231.54,148.6,2350362.54,1508438.6,841923.94
Middle East and North Africa,Iran,Baby Food,Online,H,6/24/2024,901022441,7/15/2024,6440,300.01,206.02,1932064.4,1326768.8,605295.6
Australia and Oceania,Fiji,Fruits,Online,H,6/12/2024,152945080,6/22/2024,4456,11.36,7.81,50620.16,34801.36,15818.8
North America,Mexico,Snacks,Offline,L,6/14/2024,943501866,6/24/2024,2177,201.68,126.78,439057.36,276000.06,163057.3
Australia and Oceania,Tuvalu,Clothes,Online,H,10/21/2024,852518909,10/26/2024,906,137.48,39.45,124556.88,35741.7,88815.18
Europe,San Marino,Fruits,Online,M,8/5/2024,604857637,8/26/2024,4199,11.91,8.04,50010.09,33759.96,16250.13
Australia and Oceania,New Zealand,Vegetables,Online,C,4/29/2024,970258961,5/28/2024,1892,195.78,108.32,370415.76,204941.44,165474.32
Asia,Myanmar,Clothes,Online,H,9/20/2024,331226281,9/21/2024,1979,144.08,46.21,285134.32,91449.59,193684.73
Sub-Saharan Africa,Cape Verde,Vegetables,Online,L,10/11/2024,427171945,10/24/2024,5487,195.47,119.91,1072543.89,657946.17,414597.72
Middle East and North Africa,Pakistan,Vegetables,Offline,C,1/2/2024,402184494,1/3/2024,8017,171.66,104.86,1376198.22,840662.62,535535.6
Europe,United Kingdom,Meat,Offline,H,2/21/2024,141704599,3/4/2024,2600,542.82,478.43,1411332.0,1243918.0,167414.0
Sub-Saharan Africa,Gabon,Cosmetics,Online,H,8/26/2024,106139360,9/8/2024,11561,535.12,300.59,6186522.32,3475120.99,2711401.33
Australia and Oceania,Federated States of Micronesia,Baby Food,Online,L,10/11/2024,244888979,10/12/2024,11551,315.33,181.1,3642376.83,2091886.1,1550490.73
Europe,Norway,Personal Care,Online,M,2/18/2024,895976265,3/2/2024,1148,102.62,67.88,117807.76,77926.24,39881.52
North America,Mexico,Personal Care,Online,M,10/24/2024,972900830,10/31/2024,4804,97.41,69.67,467957.64,334694.68,133262.96
Australia and Oceania,Fiji,Baby Food,Online,M,9/1/2024,327888133,10/1/2024,10398,323.02,195.41,3358761.96,2031873.18,1326888.78
Middle East and North Africa,Iran,Cosmetics,Online,L,12/22/2024,219890647,12/27/2024,6249,541.32,346.17,3382708.68,2163216.33,1219492.35
Sub-Saharan Africa,Cote d'Ivoire,Vegetables,Online,C,8/7/2024,167414380,9/3/2024,5920,203.58,100.57,1205193.6,595374.4,609819.2
Australia and Oceania,New Zealand,Snacks,Online,L,3/13/2024,340982204,4/2/2024,3494,174.95,120.0,611275.3,419280.0,191995.3
Asia,Brunei,Personal Care,Online,C,5/15/2024,571814012,5/19/2024,3348,92.68,74.65,310292.64,249928.2,60364.44
Australia and Oceania,Fiji,Snacks,Online,M,8/27/2024,937557937,9/12/2024,5407,193.8,113.63,1047876.6,614397.41,433479.19
Sub-Saharan Africa,Cameroon,Cereal,Online,C,4/13/2024,262078755,5/4/2024,4432,242.98,138.79,1076887.36,615117.28,461770.08
North America,Mexico,Meat,Online,M,1/28/2024,917572641,2/26/2024,3834,532.59,402.78,2041950.06,1544258.52,497691.54
Australia and Oceania,Solomon Islands,Meat,Offline,M,9/14/2024,387164313,9/16/2024,5930,548.51,421.98,3252664.3,2502341.4,750322.9
Europe,Romania,Baby Food,Online,L,1/26/2024,120881055,2/11/2024,2183,302.5,205.15,660357.5,447842.45,212515.05
Middle East and North Africa,Libya,Snacks,Offline,H,8/3/2024,490116134,8/30/2024,2192,176.12,124.4,386055.04,272684.8,113370.24
Asia,Mongolia,Personal Care,Online,C,12/6/2024,763519930,12/10/2024,6709,102.78,67.04,689551.02,449771.36,239779.66
Middle East and North Africa,Iran,Fruits,Offline,M,7/4/2024,222655297,7/29/2024,8065,10.65,7.69,85892.25,62019.85,23872.4
Europe,Slovenia,Meat,Online,H,1/15/2024,789841928,1/21/2024,6072,558.68,469.75,3392304.96,2852322.0,539982.96
Central America and the Caribbean,Belize,Household,Online,L,12/10/2024,513762166,1/2/2025,3243,817.74,605.24,2651930.82,1962793.32,689137.5
North America,Mexico,Vegetables,Offline,H,1/26/2025,159395165,2/21/2025,2486,180.61,113.83,448996.46,282981.38,166015.08
Europe,Switzerland,Meat,Online,M,3/13/2025,241396433,4/4/2025,4758,510.93,407.55,2431004.94,1939122.9,491882.04
Central America and the Caribbean,Honduras,Household,Offline,M,12/18/2025,811623809,12/27/2025,3120,750.56,598.49,2341747.2,1867288.8,474458.4
North America,Mexico,Personal Care,Online,L,6/14/2025,493335033,6/22/2025,8725,103.98,72.52,907225.5,632737.0,274488.5
North America,Mexico,Vegetables,Online,L,10/23/2025,827655729,11/11/2025,4876,204.07,103.68,995045.32,505543.68,489501.64
Middle East and North Africa,Saudi Arabia,Snacks,Offline,L,6/22/2025,672110729,7/22/2025,6455,181.8,116.19,1173519.0,750006.45,423512.55
Sub-Saharan Africa,Kenya,Meat,Offline,C,11/21/2025,864324404,11/27/2025,4677,572.04,466.64,2675431.08,2182475.28,492955.8
Europe,Bulgaria,Vegetables,Online,L,4/22/2025,162010642,5/11/2025,6576,178.32,107.34,1172632.32,705867.84,466764.48
Sub-Saharan Africa,Mali,Personal Care,Offline,C,4/14/2025,220839609,5/2/2025,5092,109.99,65.15,560069.08,331743.8,228325.28
Middle East and North Africa,Iran,Office Supplies,Online,H,5/27/2025,531011298,6/22/2025,4547,751.95,606.0,3419116.65,2755482.0,663634.65
Central America and the Caribbean,Nicaragua,Office Supplies,Offline,M,3/20/2025,981794398,3/26/2025,789,806.19,600.98,636083.91,474173.22,161910.69
Asia,Mongolia,Meat,Online,L,8/5/2025,857050083,9/1/2025,6268,524.17,418.14,3285497.56,2620901.52,664596.04
Europe,Austria,Snacks,Offline,L,8/14/2025,431494102,8/30/2025,2746,177.49,112.77,487387.54,309666.42,177721.12
Asia,Mongolia,Clothes,Offline,L,9/26/2025,655454265,10/18/2025,9000,141.14,44.5,1270260.0,400500.0,869760.0
Asia,Turkmenistan,Office Supplies,Online,L,2/16/2025,926185925,3/8/2025,6262,749.22,626.69,4691615.64,3924332.78,767282.86
Central America and the Caribbean,Grenada,Clothes,Online,C,2/5/2025,406247063,2/13/2025,6045,130.5,45.57,788872.5,275470.65,513401.85
Central America and the Caribbean,Haiti,Cosmetics,Offline,C,7/20/2025,502551541,8/12/2025,5750,550.15,336.08,3163362.5,1932460.0,1230902.5
Central America and the Caribbean,Haiti,Household,Online,L,4/11/2025,511749733,5/4/2025,8763,764.3,656.31,6697560.9,5751244.53,946316.37
Asia,Malaysia,Snacks,Offline,C,8/18/2025,953363787,9/17/2025,4331,207.49,131.31,898639.19,568703.61,329935.58
Middle East and North Africa,Syria,Meat,Online,L,8/28/2025,630971161,9/26/2025,3070,497.08,424.04,1526035.6,1301802.8,224232.8
Europe,Slovakia,Baby Food,Offline,L,3/7/2025,173406869,3/9/2025,9774,317.04,213.57,3098748.96,2087433.18,1011315.78
Europe,Iceland,Baby Food,Online,M,8/6/2025,250725360,8/28/2025,5993,305.04,186.64,1828104.72,1118533.52,709571.2
Central America and the Caribbean,Honduras,Household,Online,M,8/16/2025,424305002,8/29/2025,1126,867.42,634.17,976714.92,714075.42,262639.5
Central America and the Caribbean,Grenada,Fruits,Online,C,1/29/2025,492688433,2/15/2025,1934,11.45,8.53,22144.3,16497.02,5647.28
Middle East and North Africa,Syria,Beverages,Offline,H,5/21/2025,955822522,6/12/2025,6869,62.38,37.15,428488.22,255183.35,173304.87
North America,Mexico,Baby Food,Offline,C,10/4/2025,169536756,10/15/2025,2709,337.85,211.19,915235.65,572113.71,343121.94
Asia,Laos,Household,Online,H,1/9/2025,531337302,1/24/2025,2274,880.83,680.5,2003007.42,1547457.0,455550.42
Australia and Oceania,New Zealand,Baby Food,Online,M,9/27/2025,929545098,9/28/2025,7786,294.45,199.45,2292587.7,1552917.7,739670.0
Middle East and North Africa,Iran,Fruits,Online,C,4/15/2025,917683945,5/13/2025,4409,12.54,9.04,55288.86,39857.36,15431.5
Europe,Moldova ,Personal Care,Offline,C,8/9/2025,582518969,8/16/2025,8527,102.24,63.26,871800.48,539418.02,332382.46
